game,version,mapName,chapterOrId,sourceUrls,sourceType,captureView,nativeOrRescaled,playableWidthCells,playableHeightCells,traversableCellEstimate,framePlayableAreaPct,frameScenicContextPct,spawnToFirstDecisionCells,longestMandatoryApproachCells,likelyBacktrackCells,elevationBandCount,maxConsequentialElevationDelta,majorRouteCount,alternateRouteCount,shortLoopCount,chokepointCount,reachableHighGroundCount,sceneryOnlyHighMassCount,majorSilhouetteMassCount,broadMaterialFamilyCount,dominantTexelFrequencyEstimate,practicalLightCount,foregroundLayerPresent,midgroundLayerPresent,farFieldPresent,cameraRotationRange,cameraZoomRange,spriteDirectionEvidence,dynamicStateEvidence,notes,confidence
FFT,PSX/PSP original (five-angle render corpus),Mandalia Plains,MAP085,https://fantasyanime.com/finalfantasy/fftactics/fftacticsart_maps.zip (sha256 fe67a9fa…27bff); names: libfft fft.h (github.com/adamrt/libfft); exact per-tile grids: FFHacktics wiki via Wayback (URLs in local-captures/fft-ledger.json),community-map-render (from game data); id visually verified,view0 top-down + view1-4 quarter isometrics,"native render, 28px/tile (measured)",12 rendered / 13 data-grid,13,120-140 (visual; envelope 156),100 (non-void share of top-down envelope; includes in-grid water/rock),0 (void beyond composed edge),3-4,16-18,0-2,2,"2-3h (FFT h-units, visual est)",2,1,1,0,3,6,3,3,~28px/tile render; in-game ~16-32px effective texels/tile (estimate),0,no (board only),yes (the board),no (black void / composed edge),"4 fixed yaws (90° steps, player-rotatable)",2 zoom levels,"front+back three-quarter poses, engine-mirrored for opposite facings (documented sprite-sheet structure)",per-map: doors/gates in gate maps; Zeakden scripted fort fire (story); no persistent battle scarring (documented gameplay),no road; negative space implies routes; rocks cluster at edges/corners; FFHacktics data grid 1 col wider than rendered extent (unrendered edge col) — both recorded,high
FFT,PSX/PSP original (five-angle render corpus),Grog Hill,MAP081,https://fantasyanime.com/finalfantasy/fftactics/fftacticsart_maps.zip (sha256 fe67a9fa…27bff); names: libfft fft.h (github.com/adamrt/libfft); exact per-tile grids: FFHacktics wiki via Wayback (URLs in local-captures/fft-ledger.json),community-map-render (from game data); id visually verified,view0 top-down + view1-4 quarter isometrics,"native render, 28px/tile (measured)",11,13,95-110 (visual; envelope 143),100 (non-void share of top-down envelope; includes in-grid water/rock),0 (void beyond composed edge),2-3,18-20,2-4,4,"5-6h (FFT h-units, visual est)",1,1,1,2,4,4,3,4,~28px/tile render; in-game ~16-32px effective texels/tile (estimate),0,no (board only),yes (the board),no (black void / composed edge),"4 fixed yaws (90° steps, player-rotatable)",2 zoom levels,"front+back three-quarter poses, engine-mirrored for opposite facings (documented sprite-sheet structure)",per-map: doors/gates in gate maps; Zeakden scripted fort fire (story); no persistent battle scarring (documented gameplay),through-road organizing spine; asymmetric shoulders; corner void bites,high
FFT,PSX/PSP original (five-angle render corpus),Sweegy Woods,MAP074,https://fantasyanime.com/finalfantasy/fftactics/fftacticsart_maps.zip (sha256 fe67a9fa…27bff); names: libfft fft.h (github.com/adamrt/libfft); exact per-tile grids: FFHacktics wiki via Wayback (URLs in local-captures/fft-ledger.json),community-map-render (from game data); id visually verified,view0 top-down + view1-4 quarter isometrics,"native render, 28px/tile (measured)",11,12,100-115 (visual; envelope 132),100 (non-void share of top-down envelope; includes in-grid water/rock),0 (void beyond composed edge),3-4,14-16,0-2,2,"3h (FFT h-units, visual est)",1,1,0,1,2,5,2,4,~28px/tile render; in-game ~16-32px effective texels/tile (estimate),0,no (board only),yes (the board),no (black void / composed edge),"4 fixed yaws (90° steps, player-rotatable)",2 zoom levels,"front+back three-quarter poses, engine-mirrored for opposite facings (documented sprite-sheet structure)",per-map: doors/gates in gate maps; Zeakden scripted fort fire (story); no persistent battle scarring (documented gameplay),one wooded hill mass; pines as scenery verticals,high
FFT,PSX/PSP original (five-angle render corpus),Zirekile Falls,MAP083,https://fantasyanime.com/finalfantasy/fftactics/fftacticsart_maps.zip (sha256 fe67a9fa…27bff); names: libfft fft.h (github.com/adamrt/libfft); exact per-tile grids: FFHacktics wiki via Wayback (URLs in local-captures/fft-ledger.json),community-map-render (from game data); id visually verified,view0 top-down + view1-4 quarter isometrics,"native render, 28px/tile (measured)",11,10,55-70 (visual; envelope 110),99 (non-void share of top-down envelope; includes in-grid water/rock),1 (void beyond composed edge),2-3,14-16,3-5,3,"4h (FFT h-units, visual est)",1,0,0,1,2,2,3,3,~28px/tile render; in-game ~16-32px effective texels/tile (estimate),0,no (board only),yes (the board),no (black void / composed edge),"4 fixed yaws (90° steps, player-rotatable)",2 zoom levels,"front+back three-quarter poses, engine-mirrored for opposite facings (documented sprite-sheet structure)",per-map: doors/gates in gate maps; Zeakden scripted fort fire (story); no persistent battle scarring (documented gameplay),bridge chokepoint over waterfall gap; banks flank; famous escort fight,high
FFT,PSX/PSP original (five-angle render corpus),Fort Zeakden,MAP049,https://fantasyanime.com/finalfantasy/fftactics/fftacticsart_maps.zip (sha256 fe67a9fa…27bff); names: libfft fft.h (github.com/adamrt/libfft); exact per-tile grids: FFHacktics wiki via Wayback (URLs in local-captures/fft-ledger.json),community-map-render (from game data); id visually verified,view0 top-down + view1-4 quarter isometrics,"native render, 28px/tile (measured)",9,13,70-85 (visual; envelope 117),100 (non-void share of top-down envelope; includes in-grid water/rock),0 (void beyond composed edge),3-4,16-18,2-4,4,"7-8h (FFT h-units, visual est)",1,1,1,2,4,2,3,3,~28px/tile render; in-game ~16-32px effective texels/tile (estimate),1-2,no (board only),yes (the board),no (black void / composed edge),"4 fixed yaws (90° steps, player-rotatable)",2 zoom levels,"front+back three-quarter poses, engine-mirrored for opposite facings (documented sprite-sheet structure)",per-map: doors/gates in gate maps; Zeakden scripted fort fire (story); no persistent battle scarring (documented gameplay),snow field + compact fort; timber bridge circuit between towers,high
FFT,PSX/PSP original (five-angle render corpus),Dorter Trade City,MAP031,https://fantasyanime.com/finalfantasy/fftactics/fftacticsart_maps.zip (sha256 fe67a9fa…27bff); names: libfft fft.h (github.com/adamrt/libfft); exact per-tile grids: FFHacktics wiki via Wayback (URLs in local-captures/fft-ledger.json),community-map-render (from game data); id visually verified,view0 top-down + view1-4 quarter isometrics,"native render, 28px/tile (measured)",9,11,60-75 (visual; envelope 99),100 (non-void share of top-down envelope; includes in-grid water/rock),0 (void beyond composed edge),2-3,12-14,1-3,4,"6-7h (FFT h-units, visual est)",1,2,1,1,5,2,4,5,~28px/tile render; in-game ~16-32px effective texels/tile (estimate),0-2,no (board only),yes (the board),no (black void / composed edge),"4 fixed yaws (90° steps, player-rotatable)",2 zoom levels,"front+back three-quarter poses, engine-mirrored for opposite facings (documented sprite-sheet structure)",per-map: doors/gates in gate maps; Zeakden scripted fort fire (story); no persistent battle scarring (documented gameplay),street slope + reachable roof band; buildings occupy over half the envelope,high
FFT,PSX/PSP original (five-angle render corpus),At Main Gate of Igros Castle,MAP001,https://fantasyanime.com/finalfantasy/fftactics/fftacticsart_maps.zip (sha256 fe67a9fa…27bff); names: libfft fft.h (github.com/adamrt/libfft); exact per-tile grids: FFHacktics wiki via Wayback (URLs in local-captures/fft-ledger.json),community-map-render (from game data); id visually verified,view0 top-down + view1-4 quarter isometrics,"native render, 28px/tile (measured)",10,13,80-95 (visual; envelope 130),100 (non-void share of top-down envelope; includes in-grid water/rock),0 (void beyond composed edge),3-4,14-16,2-4,3,"6h (FFT h-units, visual est)",1,0,0,2,3,2,3,4,~28px/tile render; in-game ~16-32px effective texels/tile (estimate),0,no (board only),yes (the board),no (black void / composed edge),"4 fixed yaws (90° steps, player-rotatable)",2 zoom levels,"front+back three-quarter poses, engine-mirrored for opposite facings (documented sprite-sheet structure)",per-map: doors/gates in gate maps; Zeakden scripted fort fire (story); no persistent battle scarring (documented gameplay),approach->moat crossing->apron->gate sequence; wall-walk high band,high
FFT,PSX/PSP original (five-angle render corpus),Orbonne Monastery,MAP056,https://fantasyanime.com/finalfantasy/fftactics/fftacticsart_maps.zip (sha256 fe67a9fa…27bff); names: libfft fft.h (github.com/adamrt/libfft); exact per-tile grids: FFHacktics wiki via Wayback (URLs in local-captures/fft-ledger.json),community-map-render (from game data); id visually verified,view0 top-down + view1-4 quarter isometrics,"native render, 28px/tile (measured)",10,14,85-100 (visual; envelope 140),99 (non-void share of top-down envelope; includes in-grid water/rock),1 (void beyond composed edge),2-3,14-16,1-3,3,"4-5h (FFT h-units, visual est)",1,1,0,1,3,2,3,4,~28px/tile render; in-game ~16-32px effective texels/tile (estimate),0,no (board only),yes (the board),no (black void / composed edge),"4 fixed yaws (90° steps, player-rotatable)",2 zoom levels,"front+back three-quarter poses, engine-mirrored for opposite facings (documented sprite-sheet structure)",per-map: doors/gates in gate maps; Zeakden scripted fort fire (story); no persistent battle scarring (documented gameplay),lawn slope + terrace + platform; church tower is scenery mass,high
FFT,PSX/PSP original (five-angle render corpus),Goug Machine City,MAP038,https://fantasyanime.com/finalfantasy/fftactics/fftacticsart_maps.zip (sha256 fe67a9fa…27bff); names: libfft fft.h (github.com/adamrt/libfft); exact per-tile grids: FFHacktics wiki via Wayback (URLs in local-captures/fft-ledger.json),community-map-render (from game data); id visually verified,view0 top-down + view1-4 quarter isometrics,"native render, 28px/tile (measured)",8,11,50-65 (visual; envelope 88),99 (non-void share of top-down envelope; includes in-grid water/rock),1 (void beyond composed edge),2-3,12-14,1-3,4,"7-8h (FFT h-units, visual est)",1,1,1,1,5,2,3,4,~28px/tile render; in-game ~16-32px effective texels/tile (estimate),0,no (board only),yes (the board),no (black void / composed edge),"4 fixed yaws (90° steps, player-rotatable)",2 zoom levels,"front+back three-quarter poses, engine-mirrored for opposite facings (documented sprite-sheet structure)",per-map: doors/gates in gate maps; Zeakden scripted fort fire (story); no persistent battle scarring (documented gameplay),street gully below dense machine-city roof bands; roofs playable,high
FFT,PSX/PSP original (five-angle render corpus),Underground Book Storage Fifth Floor,MAP061,https://fantasyanime.com/finalfantasy/fftactics/fftacticsart_maps.zip (sha256 fe67a9fa…27bff); names: libfft fft.h (github.com/adamrt/libfft); exact per-tile grids: FFHacktics wiki via Wayback (URLs in local-captures/fft-ledger.json),community-map-render (from game data); id visually verified,view0 top-down + view1-4 quarter isometrics,"native render, 28px/tile (measured)",12,15,120-140 (visual; envelope 180),97 (non-void share of top-down envelope; includes in-grid water/rock),3 (void beyond composed edge),3-4,18-20,2-4,2,"2-3h (FFT h-units, visual est)",1,1,1,1,1,4,3,3,~28px/tile render; in-game ~16-32px effective texels/tile (estimate),2-4,no (board only),yes (the board),no (black void / composed edge),"4 fixed yaws (90° steps, player-rotatable)",2 zoom levels,"front+back three-quarter poses, engine-mirrored for opposite facings (documented sprite-sheet structure)",per-map: doors/gates in gate maps; Zeakden scripted fort fire (story); no persistent battle scarring (documented gameplay),interior; shelf masses as walls; floor breach void; quiet control-adjacent,medium
FFT,PSX/PSP original (five-angle render corpus),Bervenia Free City,MAP044,https://fantasyanime.com/finalfantasy/fftactics/fftacticsart_maps.zip (sha256 fe67a9fa…27bff); names: libfft fft.h (github.com/adamrt/libfft); exact per-tile grids: FFHacktics wiki via Wayback (URLs in local-captures/fft-ledger.json),community-map-render (from game data); id visually verified,view0 top-down + view1-4 quarter isometrics,"native render, 28px/tile (measured)",10,13 rendered / 14 data-grid,75-90 (visual; envelope 130),100 (non-void share of top-down envelope; includes in-grid water/rock),0 (void beyond composed edge),2-3,14-16,2-4,5,"9-10h (FFT h-units, visual est)",2,1,1,1,6,2,4,4,~28px/tile render; in-game ~16-32px effective texels/tile (estimate),0-2,no (board only),yes (the board),no (black void / composed edge),"4 fixed yaws (90° steps, player-rotatable)",2 zoom levels,"front+back three-quarter poses, engine-mirrored for opposite facings (documented sprite-sheet structure)",per-map: doors/gates in gate maps; Zeakden scripted fort fire (story); no persistent battle scarring (documented gameplay),urban verticality stress; terraces + tower tops; famous vertical fight; FFHacktics data grid 1 col wider than rendered extent (unrendered edge col) — both recorded,high
FFT,PSX/PSP original (five-angle render corpus),Inside of Windmill Shed,MAP073,https://fantasyanime.com/finalfantasy/fftactics/fftacticsart_maps.zip (sha256 fe67a9fa…27bff); names: libfft fft.h (github.com/adamrt/libfft); exact per-tile grids: FFHacktics wiki via Wayback (URLs in local-captures/fft-ledger.json),community-map-render (from game data); id visually verified,view0 top-down + view1-4 quarter isometrics,"native render, 28px/tile (measured)",7 rendered / 8 data-grid,8,45-50 (visual; envelope 56),98 (non-void share of top-down envelope; includes in-grid water/rock),2 (void beyond composed edge),2,8-10,1-2,2,"2h (FFT h-units, visual est)",1,0,0,1,1,1,2,3,~28px/tile render; in-game ~16-32px effective texels/tile (estimate),0-1,no (board only),yes (the board),no (black void / composed edge),"4 fixed yaws (90° steps, player-rotatable)",2 zoom levels,"front+back three-quarter poses, engine-mirrored for opposite facings (documented sprite-sheet structure)",per-map: doors/gates in gate maps; Zeakden scripted fort fire (story); no persistent battle scarring (documented gameplay),sparse duel interior; machine centerpiece; light shafts from slits; FFHacktics data grid 1 col wider than rendered extent (unrendered edge col) — both recorded,high
Genesis,current targets/fixtures @ 2026-07-29 (master b72228b3 / terrain 32b907ad / sites af99980e),scale-pass target: Site-02 Camp small (Roadside Sleep-and-Fire Stop),p01:site-02/01-small,Reference/Golden-Site-Ideal-Art/scale-pass-2026-07-28/PROMPT-SET.md; dev/clay-captures/*,target render (documented cell intent) or engine capture,fixed elevated three-quarter (production family),native,13,15,~165 (open camp; documented intent),target renders: playfield dominates frame (~70-85 visual est); context apron thin,~15-30 (visual est; context contract still unbuilt in engine),1-3 (active-window contract: arrival at/near first decision),bounded by window (≤ longest side),design goal: ~0 (movement doctrine),2,1-2 bands + hummock,1 + 1 service (site grammar),1 (licensed),0-1,1-2 (threshold grammar),2-4 (deck law),1-2,2-4 (grammar target),3-5 (few broad families rule),1.65 m/tile approved masonry scale (CL-R4b receipt); sprites NearestFilter texels,"lore-native only (torch reach 120ft, decay 1.5)","no (apron planned, unbuilt)",yes (board),"backdrop plate only (context bands 1-3 specced, unbuilt)",fixed production yaw (player rotation superseded 2026-07-22),governed pan/zoom (~8.3x closer max in Clayroom),single static standee per figure (pixel canon); emote variants licensed for bosses/PCs only,door instance/state machinery in Clayroom; layered durable-history + mutation channels ruled (unbuilt); events persist in world state,fire-centered social void beside road; terrain-owned hummock; PROMPT-SET documented ~13x15,documented intent (targets) / measured receipt (fixtures)
Genesis,current targets/fixtures @ 2026-07-29 (master b72228b3 / terrain 32b907ad / sites af99980e),engine capture: CL-F09 FFT hillside proof,p02:cl-f09,Reference/Golden-Site-Ideal-Art/scale-pass-2026-07-28/PROMPT-SET.md; dev/clay-captures/*,target render (documented cell intent) or engine capture,fixed elevated three-quarter (production family),native,~12 (est),~14 (est),~140 (est),target renders: playfield dominates frame (~70-85 visual est); context apron thin,~15-30 (visual est; context contract still unbuilt in engine),1-3 (active-window contract: arrival at/near first decision),bounded by window (≤ longest side),design goal: ~0 (movement doctrine),3,3-4 bands,1 + 1 service (site grammar),1 (licensed),0-1,1-2 (threshold grammar),2-4 (deck law),1-2,2-4 (grammar target),3-5 (few broad families rule),1.65 m/tile approved masonry scale (CL-R4b receipt); sprites NearestFilter texels,"lore-native only (torch reach 120ft, decay 1.5)","no (apron planned, unbuilt)",yes (board),"backdrop plate only (context bands 1-3 specced, unbuilt)",fixed production yaw (player rotation superseded 2026-07-22),governed pan/zoom (~8.3x closer max in Clayroom),single static standee per figure (pixel canon); emote variants licensed for bosses/PCs only,door instance/state machinery in Clayroom; layered durable-history + mutation channels ruled (unbuilt); events persist in world state,switchback route embeds in folded landform; retaining cuts; rock clusters; fixture dims estimated from grid overlay,documented intent (targets) / measured receipt (fixtures)
Genesis,current targets/fixtures @ 2026-07-29 (master b72228b3 / terrain 32b907ad / sites af99980e),scale-pass target: Site-02 Camp medium (Borrowed-Clearing Camp),p03:site-02/02-medium,Reference/Golden-Site-Ideal-Art/scale-pass-2026-07-28/PROMPT-SET.md; dev/clay-captures/*,target render (documented cell intent) or engine capture,fixed elevated three-quarter (production family),native,22,24,~450 (documented intent),target renders: playfield dominates frame (~70-85 visual est); context apron thin,~15-30 (visual est; context contract still unbuilt in engine),1-3 (active-window contract: arrival at/near first decision),bounded by window (≤ longest side),design goal: ~0 (movement doctrine),2,2 bands + saddle,1 + 1 service (site grammar),1 (licensed),0-1,1-2 (threshold grammar),2-4 (deck law),1-2,2-4 (grammar target),3-5 (few broad families rule),1.65 m/tile approved masonry scale (CL-R4b receipt); sprites NearestFilter texels,"lore-native only (torch reach 120ft, decay 1.5)","no (apron planned, unbuilt)",yes (board),"backdrop plate only (context bands 1-3 specced, unbuilt)",fixed production yaw (player rotation superseded 2026-07-22),governed pan/zoom (~8.3x closer max in Clayroom),single static standee per figure (pixel canon); emote variants licensed for bosses/PCs only,door instance/state machinery in Clayroom; layered durable-history + mutation channels ruled (unbuilt); events persist in world state,"three shelter footprints; compound hill shoulder; NON-HOMOLOGOUS to pure forest (clearing, not woods)",documented intent (targets) / measured receipt (fixtures)
Genesis,current targets/fixtures @ 2026-07-29 (master b72228b3 / terrain 32b907ad / sites af99980e),scale-pass target: Site-12 Substrate small (Bog Crossing),p04:site-12/01-small,Reference/Golden-Site-Ideal-Art/scale-pass-2026-07-28/PROMPT-SET.md; dev/clay-captures/*,target render (documented cell intent) or engine capture,fixed elevated three-quarter (production family),native,15,18,~120 (plank spine + banks; est),target renders: playfield dominates frame (~70-85 visual est); context apron thin,~15-30 (visual est; context contract still unbuilt in engine),1-3 (active-window contract: arrival at/near first decision),bounded by window (≤ longest side),design goal: ~0 (movement doctrine),2,1-2 bands + sag,1 + 1 service (site grammar),1 (licensed),0-1,1-2 (threshold grammar),2-4 (deck law),1-2,2-4 (grammar target),3-5 (few broad families rule),1.65 m/tile approved masonry scale (CL-R4b receipt); sprites NearestFilter texels,"lore-native only (torch reach 120ft, decay 1.5)","no (apron planned, unbuilt)",yes (board),"backdrop plate only (context bands 1-3 specced, unbuilt)",fixed production yaw (player rotation superseded 2026-07-22),governed pan/zoom (~8.3x closer max in Clayroom),single static standee per figure (pixel canon); emote variants licensed for bosses/PCs only,door instance/state machinery in Clayroom; layered durable-history + mutation channels ruled (unbuilt); events persist in world state,trusted plank spine over quaking mat; load-sensitive; matched to crossing archetype,documented intent (targets) / measured receipt (fixtures)
Genesis,current targets/fixtures @ 2026-07-29 (master b72228b3 / terrain 32b907ad / sites af99980e),DECLARED GAP — no Genesis snow/ice target or capture exists yet,p05:—,Reference/Golden-Site-Ideal-Art/scale-pass-2026-07-28/PROMPT-SET.md; dev/clay-captures/*,target render (documented cell intent) or engine capture,fixed elevated three-quarter (production family),native,—,—,—,target renders: playfield dominates frame (~70-85 visual est); context apron thin,~15-30 (visual est; context contract still unbuilt in engine),1-3 (active-window contract: arrival at/near first decision),bounded by window (≤ longest side),design goal: ~0 (movement doctrine),—,—,1 + 1 service (site grammar),1 (licensed),0-1,1-2 (threshold grammar),2-4 (deck law),1-2,2-4 (grammar target),3-5 (few broad families rule),1.65 m/tile approved masonry scale (CL-R4b receipt); sprites NearestFilter texels,"lore-native only (torch reach 120ft, decay 1.5)","no (apron planned, unbuilt)",yes (board),"backdrop plate only (context bands 1-3 specced, unbuilt)",fixed production yaw (player rotation superseded 2026-07-22),governed pan/zoom (~8.3x closer max in Clayroom),single static standee per figure (pixel canon); emote variants licensed for bosses/PCs only,door instance/state machinery in Clayroom; layered durable-history + mutation channels ruled (unbuilt); events persist in world state,snow/low-value environmental control absent from target set and engine captures at audit time,documented intent (targets) / measured receipt (fixtures)
Genesis,current targets/fixtures @ 2026-07-29 (master b72228b3 / terrain 32b907ad / sites af99980e),scale-pass target: Site-10 Urban medium (Market-Hall Slice),p06:site-10/02-medium,Reference/Golden-Site-Ideal-Art/scale-pass-2026-07-28/PROMPT-SET.md; dev/clay-captures/*,target render (documented cell intent) or engine capture,fixed elevated three-quarter (production family),native,26,30,~500 (documented intent),target renders: playfield dominates frame (~70-85 visual est); context apron thin,~15-30 (visual est; context contract still unbuilt in engine),1-3 (active-window contract: arrival at/near first decision),bounded by window (≤ longest side),design goal: ~0 (movement doctrine),3,2-3 bands + gallery,1 + 1 service (site grammar),1 (licensed),0-1,1-2 (threshold grammar),2-4 (deck law),1-2,2-4 (grammar target),3-5 (few broad families rule),1.65 m/tile approved masonry scale (CL-R4b receipt); sprites NearestFilter texels,"lore-native only (torch reach 120ft, decay 1.5)","no (apron planned, unbuilt)",yes (board),"backdrop plate only (context bands 1-3 specced, unbuilt)",fixed production yaw (player rotation superseded 2026-07-22),governed pan/zoom (~8.3x closer max in Clayroom),single static standee per figure (pixel canon); emote variants licensed for bosses/PCs only,door instance/state machinery in Clayroom; layered durable-history + mutation channels ruled (unbuilt); events persist in world state,two street ends; open-post hall; upper gallery/roofline deck; largest urban intent,documented intent (targets) / measured receipt (fixtures)
Genesis,current targets/fixtures @ 2026-07-29 (master b72228b3 / terrain 32b907ad / sites af99980e),scale-pass target: Site-09 Fortress small (Rising Gate Window),p07:site-09/01-small,Reference/Golden-Site-Ideal-Art/scale-pass-2026-07-28/PROMPT-SET.md; dev/clay-captures/*,target render (documented cell intent) or engine capture,fixed elevated three-quarter (production family),native,18,22,~250 (documented intent),target renders: playfield dominates frame (~70-85 visual est); context apron thin,~15-30 (visual est; context contract still unbuilt in engine),1-3 (active-window contract: arrival at/near first decision),bounded by window (≤ longest side),design goal: ~0 (movement doctrine),4,3-4 bands,1 + 1 service (site grammar),1 (licensed),0-1,1-2 (threshold grammar),2-4 (deck law),1-2,2-4 (grammar target),3-5 (few broad families rule),1.65 m/tile approved masonry scale (CL-R4b receipt); sprites NearestFilter texels,"lore-native only (torch reach 120ft, decay 1.5)","no (apron planned, unbuilt)",yes (board),"backdrop plate only (context bands 1-3 specced, unbuilt)",fixed production yaw (player rotation superseded 2026-07-22),governed pan/zoom (~8.3x closer max in Clayroom),single static standee per figure (pixel canon); emote variants licensed for bosses/PCs only,door instance/state machinery in Clayroom; layered durable-history + mutation channels ruled (unbuilt); events persist in world state,"gate mass, rising approach, causeway, two barriers, control gallery, camera-far gatehouse",documented intent (targets) / measured receipt (fixtures)
Genesis,current targets/fixtures @ 2026-07-29 (master b72228b3 / terrain 32b907ad / sites af99980e),scale-pass target: Site-04 Monastery medium (Level Wrapped Court),p08:site-04/02-medium,Reference/Golden-Site-Ideal-Art/scale-pass-2026-07-28/PROMPT-SET.md; dev/clay-captures/*,target render (documented cell intent) or engine capture,fixed elevated three-quarter (production family),native,24,26,~480 (documented intent),target renders: playfield dominates frame (~70-85 visual est); context apron thin,~15-30 (visual est; context contract still unbuilt in engine),1-3 (active-window contract: arrival at/near first decision),bounded by window (≤ longest side),design goal: ~0 (movement doctrine),3,2-3 bands,1 + 1 service (site grammar),1 (licensed),0-1,1-2 (threshold grammar),2-4 (deck law),1-2,2-4 (grammar target),3-5 (few broad families rule),1.65 m/tile approved masonry scale (CL-R4b receipt); sprites NearestFilter texels,"lore-native only (torch reach 120ft, decay 1.5)","no (apron planned, unbuilt)",yes (board),"backdrop plate only (context bands 1-3 specced, unbuilt)",fixed production yaw (player rotation superseded 2026-07-22),governed pan/zoom (~8.3x closer max in Clayroom),single static standee per figure (pixel canon); emote variants licensed for bosses/PCs only,door instance/state machinery in Clayroom; layered durable-history + mutation channels ruled (unbuilt); events persist in world state,"spur approach, level court, arcade, processional stair, head platform",documented intent (targets) / measured receipt (fixtures)
Genesis,current targets/fixtures @ 2026-07-29 (master b72228b3 / terrain 32b907ad / sites af99980e),scale-pass target: Site-05 Mine medium (Strained Drift),p09:site-05/02-medium,Reference/Golden-Site-Ideal-Art/scale-pass-2026-07-28/PROMPT-SET.md; dev/clay-captures/*,target render (documented cell intent) or engine capture,fixed elevated three-quarter (production family),native,24,28,~500 (documented intent),target renders: playfield dominates frame (~70-85 visual est); context apron thin,~15-30 (visual est; context contract still unbuilt in engine),1-3 (active-window contract: arrival at/near first decision),bounded by window (≤ longest side),design goal: ~0 (movement doctrine),4,4-5 bands incl. flooded datum,1 + 1 service (site grammar),1 (licensed),0-1,1-2 (threshold grammar),2-4 (deck law),1-2,2-4 (grammar target),3-5 (few broad families rule),1.65 m/tile approved masonry scale (CL-R4b receipt); sprites NearestFilter texels,"lore-native only (torch reach 120ft, decay 1.5)","no (apron planned, unbuilt)",yes (board),"backdrop plate only (context bands 1-3 specced, unbuilt)",fixed production yaw (player rotation superseded 2026-07-22),governed pan/zoom (~8.3x closer max in Clayroom),single static standee per figure (pixel canon); emote variants licensed for bosses/PCs only,door instance/state machinery in Clayroom; layered durable-history + mutation channels ruled (unbuilt); events persist in world state,"portal, face, haul ramp, manway loop, flooding lower branch, failing pump",documented intent (targets) / measured receipt (fixtures)
Genesis,current targets/fixtures @ 2026-07-29 (master b72228b3 / terrain 32b907ad / sites af99980e),engine capture: CL-F05 trimmed structures (production renderer),p10:cl-r5-v005,Reference/Golden-Site-Ideal-Art/scale-pass-2026-07-28/PROMPT-SET.md; dev/clay-captures/*,target render (documented cell intent) or engine capture,fixed elevated three-quarter (production family),native,15,15,~200 (clayroom fixture; rooms subset),target renders: playfield dominates frame (~70-85 visual est); context apron thin,~15-30 (visual est; context contract still unbuilt in engine),1-3 (active-window contract: arrival at/near first decision),bounded by window (≤ longest side),design goal: ~0 (movement doctrine),2,1-2 bands + platform,1 + 1 service (site grammar),1 (licensed),0-1,1-2 (threshold grammar),2-4 (deck law),1-2,2-4 (grammar target),3-5 (few broad families rule),1.65 m/tile approved masonry scale (CL-R4b receipt); sprites NearestFilter texels,"lore-native only (torch reach 120ft, decay 1.5)","no (apron planned, unbuilt)",yes (board),"backdrop plate only (context bands 1-3 specced, unbuilt)",fixed production yaw (player rotation superseded 2026-07-22),governed pan/zoom (~8.3x closer max in Clayroom),single static standee per figure (pixel canon); emote variants licensed for bosses/PCs only,door instance/state machinery in Clayroom; layered durable-history + mutation channels ruled (unbuilt); events persist in world state,twin trimmed rooms on 15x15 movement fixture; approved masonry parents; interior register,documented intent (targets) / measured receipt (fixtures)
Genesis,current targets/fixtures @ 2026-07-29 (master b72228b3 / terrain 32b907ad / sites af99980e),scale-pass target: Site-09 large-site vignette (Contested Wall Stair),p11:site-09/03-vignette,Reference/Golden-Site-Ideal-Art/scale-pass-2026-07-28/PROMPT-SET.md; dev/clay-captures/*,target render (documented cell intent) or engine capture,fixed elevated three-quarter (production family),native,~12-16,~16-18,~200 (active-window contract),target renders: playfield dominates frame (~70-85 visual est); context apron thin,~15-30 (visual est; context contract still unbuilt in engine),1-3 (active-window contract: arrival at/near first decision),bounded by window (≤ longest side),design goal: ~0 (movement doctrine),4,3 stacked bands + drop,1 + 1 service (site grammar),1 (licensed),0-1,1-2 (threshold grammar),2-4 (deck law),1-2,2-4 (grammar target),3-5 (few broad families rule),1.65 m/tile approved masonry scale (CL-R4b receipt); sprites NearestFilter texels,"lore-native only (torch reach 120ft, decay 1.5)","no (apron planned, unbuilt)",yes (board),"backdrop plate only (context bands 1-3 specced, unbuilt)",fixed production yaw (player rotation superseded 2026-07-22),governed pan/zoom (~8.3x closer max in Clayroom),single static standee per figure (pixel canon); emote variants licensed for bosses/PCs only,door instance/state machinery in Clayroom; layered durable-history + mutation channels ruled (unbuilt); events persist in world state,one inboard wall-stair MaterializationWindow; height in stacked bands/cutaways; frontiers imply the rest,documented intent (targets) / measured receipt (fixtures)
Genesis,current targets/fixtures @ 2026-07-29 (master b72228b3 / terrain 32b907ad / sites af99980e),scale-pass target: Site-03 Dormant small (Stopped Guard Shelter),p12:site-03/01-small,Reference/Golden-Site-Ideal-Art/scale-pass-2026-07-28/PROMPT-SET.md; dev/clay-captures/*,target render (documented cell intent) or engine capture,fixed elevated three-quarter (production family),native,14,16,~200 (documented intent),target renders: playfield dominates frame (~70-85 visual est); context apron thin,~15-30 (visual est; context contract still unbuilt in engine),1-3 (active-window contract: arrival at/near first decision),bounded by window (≤ longest side),design goal: ~0 (movement doctrine),2,2 bands,1 + 1 service (site grammar),1 (licensed),0-1,1-2 (threshold grammar),2-4 (deck law),1-2,2-4 (grammar target),3-5 (few broad families rule),1.65 m/tile approved masonry scale (CL-R4b receipt); sprites NearestFilter texels,"lore-native only (torch reach 120ft, decay 1.5)","no (apron planned, unbuilt)",yes (board),"backdrop plate only (context bands 1-3 specced, unbuilt)",fixed production yaw (player rotation superseded 2026-07-22),governed pan/zoom (~8.3x closer max in Clayroom),single static standee per figure (pixel canon); emote variants licensed for bosses/PCs only,door instance/state machinery in Clayroom; layered durable-history + mutation channels ruled (unbuilt); events persist in world state,"sealed door, broken side opening, rubble cone below source; quiet/sparse register",documented intent (targets) / measured receipt (fixtures)
TriangleStrategy,Switch/PC 2022,Norzelia green field,p01:norzelia-green-field,ts-ledger.json (per-file URLs),press/guide capture (Game8/TheGamer/Steam),battle/deploy/full-map views,mixed 640-2000px; per-file dims in ledger,~16-20,~14-18,~200-280 (est),~55-65 (visual est; frames carry world beyond board),~35-45 (context fabric),1-3,~18-24,0-4 (reinforcement waves reuse ground),2,~2-4 units,2,1,0,0,2,3,3,4,env dots coarser than sprite dots (documented); px ratio not measurable,2-4 typical,thin blurred intrusions,board,yes (hazed/blurred continuation),~free rotation + top Tactical View (documented),zoom in/out (documented),"8-dir for 4 protagonists, fewer for rest (Morimoto primary)","per-scenario: fire traps, packable market, buildable ladders, day/rain weather pairs (documented)",sizes estimated from unit-height + house-footprint scaling; no public tile data (declared),medium
TriangleStrategy,Switch/PC 2022,Falkes wheat terraces,p02:falkes-wheat-terraces,ts-ledger.json (per-file URLs),press/guide capture (Game8/TheGamer/Steam),battle/deploy/full-map views,mixed 640-2000px; per-file dims in ledger,~18-24,~14-18,~220-320 (est),~55-65 (visual est; frames carry world beyond board),~35-45 (context fabric),1-3,~20,0-4 (reinforcement waves reuse ground),4,~6-10 units,1,2,1,1,4,2,3,4,env dots coarser than sprite dots (documented); px ratio not measurable,2-4 typical,thin blurred intrusions,board,yes (hazed/blurred continuation),~free rotation + top Tactical View (documented),zoom in/out (documented),"8-dir for 4 protagonists, fewer for rest (Morimoto primary)","per-scenario: fire traps, packable market, buildable ladders, day/rain weather pairs (documented)",4 terrace bands + cable crossing; golden monochrome (satMean 78 measured); far-field plain continues; est method as base,medium-high
TriangleStrategy,Switch/PC 2022,Roselle village — NON-HOMOLOGOUS forest slot (no dense-forest battle in TS; declared absence),p03:roselle-village,ts-ledger.json (per-file URLs),press/guide capture (Game8/TheGamer/Steam),battle/deploy/full-map views,mixed 640-2000px; per-file dims in ledger,~18-22,~16-20,~250 (est),~55-65 (visual est; frames carry world beyond board),~35-45 (context fabric),1-3,~20,0-4 (reinforcement waves reuse ground),3,~4-6 units,1,2,1,1,3,3,3,4,env dots coarser than sprite dots (documented); px ratio not measurable,2-4 typical,thin blurred intrusions,board,yes (hazed/blurred continuation),~free rotation + top Tactical View (documented),zoom in/out (documented),"8-dir for 4 protagonists, fewer for rest (Morimoto primary)","per-scenario: fire traps, packable market, buildable ladders, day/rain weather pairs (documented)",hosts 3 battles incl. day/rain pair — persistent-place reuse evidence; est method as base,medium
TriangleStrategy,Switch/PC 2022,Whiteholm bridge gate,p04:whiteholm-bridge-gate,ts-ledger.json (per-file URLs),press/guide capture (Game8/TheGamer/Steam),battle/deploy/full-map views,mixed 640-2000px; per-file dims in ledger,~16-20,~12-16,~150-220 (est),~55-65 (visual est; frames carry world beyond board),~35-45 (context fabric),1-3,~16-20,0-4 (reinforcement waves reuse ground),3,~4-8 units,1,1,0,2,3,3,3,4,env dots coarser than sprite dots (documented); px ratio not measurable,2-4 typical,thin blurred intrusions,board,yes (hazed/blurred continuation),~free rotation + top Tactical View (documented),zoom in/out (documented),"8-dir for 4 protagonists, fewer for rest (Morimoto primary)","per-scenario: fire traps, packable market, buildable ladders, day/rain weather pairs (documented)",bridge+gate crossing; water below; castle beyond = real adjacency; est method as base,medium
TriangleStrategy,Switch/PC 2022,Twinsgate fortress (snow),p05:twinsgate-fortress-snow,ts-ledger.json (per-file URLs),press/guide capture (Game8/TheGamer/Steam),battle/deploy/full-map views,mixed 640-2000px; per-file dims in ledger,~18-24,~14-18,~200-300 (est),~55-65 (visual est; frames carry world beyond board),~35-45 (context fabric),1-3,~20,0-4 (reinforcement waves reuse ground),4,~8-12 units,1,1,1,2,4,2,3,3,env dots coarser than sprite dots (documented); px ratio not measurable,2-4 typical,thin blurred intrusions,board,yes (hazed/blurred continuation),~free rotation + top Tactical View (documented),zoom in/out (documented),"8-dir for 4 protagonists, fewer for rest (Morimoto primary)","per-scenario: fire traps, packable market, buildable ladders, day/rain weather pairs (documented)",snow value control; hosts 2 battles; est method as base,medium
TriangleStrategy,Switch/PC 2022,Wolffort Streets (Ch VII town defense),p06:wolffort-streets,ts-ledger.json (per-file URLs),press/guide capture (Game8/TheGamer/Steam),battle/deploy/full-map views,mixed 640-2000px; per-file dims in ledger,~22-26,~16-20,~350-500 (est),~55-65 (visual est; frames carry world beyond board),~35-45 (context fabric),1-3,~22-26,0-4 (reinforcement waves reuse ground),4,~8-12 units,1,2,1,2,5,2,4,5,env dots coarser than sprite dots (documented); px ratio not measurable,2-4 typical,thin blurred intrusions,board,yes (hazed/blurred continuation),~free rotation + top Tactical View (documented),zoom in/out (documented),"8-dir for 4 protagonists, fewer for rest (Morimoto primary)","per-scenario: fire traps, packable market, buildable ladders, day/rain weather pairs (documented)",10 deploy vs 10 + 3 reinforcement waves (documented); stalls packable pre-battle; roofs contested; wall implies castle window,medium-high
TriangleStrategy,Switch/PC 2022,Glenbrook capital ramparts,p07:glenbrook-capital-ramparts,ts-ledger.json (per-file URLs),press/guide capture (Game8/TheGamer/Steam),battle/deploy/full-map views,mixed 640-2000px; per-file dims in ledger,~18-24,~14-18,~220-320 (est),~55-65 (visual est; frames carry world beyond board),~35-45 (context fabric),1-3,~20,0-4 (reinforcement waves reuse ground),4,~8-12 units,1,1,0,2,4,2,3,4,env dots coarser than sprite dots (documented); px ratio not measurable,2-4 typical,thin blurred intrusions,board,yes (hazed/blurred continuation),~free rotation + top Tactical View (documented),zoom in/out (documented),"8-dir for 4 protagonists, fewer for rest (Morimoto primary)","per-scenario: fire traps, packable market, buildable ladders, day/rain weather pairs (documented)",wall-walk band + court; est method as base,medium
TriangleStrategy,Switch/PC 2022,Hyzante Goddess court,p08:hyzante-goddess-court,ts-ledger.json (per-file URLs),press/guide capture (Game8/TheGamer/Steam),battle/deploy/full-map views,mixed 640-2000px; per-file dims in ledger,~18-22,~14-18,~220-300 (est),~55-65 (visual est; frames carry world beyond board),~35-45 (context fabric),1-3,~20,0-4 (reinforcement waves reuse ground),3,~4-8 units,1,1,0,1,3,3,3,4,env dots coarser than sprite dots (documented); px ratio not measurable,2-4 typical,thin blurred intrusions,board,yes (hazed/blurred continuation),~free rotation + top Tactical View (documented),zoom in/out (documented),"8-dir for 4 protagonists, fewer for rest (Morimoto primary)","per-scenario: fire traps, packable market, buildable ladders, day/rain weather pairs (documented)",formal court; white/gold register; est method as base,medium
TriangleStrategy,Switch/PC 2022,Grand Norzelia mine,p09:grand-norzelia-mine,ts-ledger.json (per-file URLs),press/guide capture (Game8/TheGamer/Steam),battle/deploy/full-map views,mixed 640-2000px; per-file dims in ledger,~18-24,~14-18,~220-320 (est),~55-65 (visual est; frames carry world beyond board),~35-45 (context fabric),1-3,~20,0-4 (reinforcement waves reuse ground),4,~8-12 units,1,2,1,2,4,3,3,4,env dots coarser than sprite dots (documented); px ratio not measurable,4-8 (lanterns),thin blurred intrusions,board,yes (hazed/blurred continuation),~free rotation + top Tactical View (documented),zoom in/out (documented),"8-dir for 4 protagonists, fewer for rest (Morimoto primary)","per-scenario: fire traps, packable market, buildable ladders, day/rain weather pairs (documented)","rock cuts, timber supports, carts; hosts 2 battles; zero-UI full-diorama frame exists",medium-high
TriangleStrategy,Switch/PC 2022,Wolffort great hall — NON-HOMOLOGOUS interior slot (no roofed-interior battle frame in TS; declared),p10:wolffort-great-hall,ts-ledger.json (per-file URLs),press/guide capture (Game8/TheGamer/Steam),battle/deploy/full-map views,mixed 640-2000px; per-file dims in ledger,~14-18,~12-16,~150-220 (est),~55-65 (visual est; frames carry world beyond board),~35-45 (context fabric),1-3,~16,0-4 (reinforcement waves reuse ground),2,~2-4 units,1,1,0,1,2,2,2,3,env dots coarser than sprite dots (documented); px ratio not measurable,2-4 typical,thin blurred intrusions,board,yes (hazed/blurred continuation),~free rotation + top Tactical View (documented),zoom in/out (documented),"8-dir for 4 protagonists, fewer for rest (Morimoto primary)","per-scenario: fire traps, packable market, buildable ladders, day/rain weather pairs (documented)",hall presented open for camera; third Wolffort window (linked-site evidence),low-medium
TriangleStrategy,Switch/PC 2022,Telliore reservoir dam,p11:telliore-reservoir-dam,ts-ledger.json (per-file URLs),press/guide capture (Game8/TheGamer/Steam),battle/deploy/full-map views,mixed 640-2000px; per-file dims in ledger,~18-22,~14-18,~200-280 (est),~55-65 (visual est; frames carry world beyond board),~35-45 (context fabric),1-3,~20,0-4 (reinforcement waves reuse ground),5,"'Height 32' HUD documented — fine height units, large delta",1,2,1,2,5,2,3,4,env dots coarser than sprite dots (documented); px ratio not measurable,2-4 typical,thin blurred intrusions,board,yes (hazed/blurred continuation),~free rotation + top Tactical View (documented),zoom in/out (documented),"8-dir for 4 protagonists, fewer for rest (Morimoto primary)","per-scenario: fire traps, packable market, buildable ladders, day/rain weather pairs (documented)",max-verticality packet; grid+targeting frame = best measurement anchor; six tile-property HUD readouts captured corpus-wide,medium-high
TriangleStrategy,Switch/PC 2022,Norzelia dry steppe (sparse control),p12:norzelia-dry-steppe,ts-ledger.json (per-file URLs),press/guide capture (Game8/TheGamer/Steam),battle/deploy/full-map views,mixed 640-2000px; per-file dims in ledger,~16-20,~12-16,~180-250 (est),~55-65 (visual est; frames carry world beyond board),~35-45 (context fabric),1-3,~18,0-4 (reinforcement waves reuse ground),2,~2-4 units,1,1,0,0,1,2,2,3,env dots coarser than sprite dots (documented); px ratio not measurable,0-1,thin blurred intrusions,board,yes (hazed/blurred continuation),~free rotation + top Tactical View (documented),zoom in/out (documented),"8-dir for 4 protagonists, fewer for rest (Morimoto primary)","per-scenario: fire traps, packable market, buildable ladders, day/rain weather pairs (documented)",deliberately quiet scrub; low-complexity control,medium
IvaliceChronicles,2025 remaster (Enhanced unless noted),Mandalia Plain (Enhanced),p01,ic-ledger.json (per-file URLs incl. first-party pairs),official site/press kit/store + verified wiki captures,gameplay/press frames; 2 first-party same-camera mode pairs,2560/1920px official; 728px wiki,12-13,13,as FFT (same board),board dominates; vignette+DoF imply envelope,frame periphery graded/vignetted,as FFT,as FFT,as FFT,as FFT,as FFT,as FFT,as FFT,as FFT,as FFT,as FFT,as FFT,as FFT,as FFT,"higher-frequency repaint; sprites 'subdivided'; paper-grain overlay (RPG Site, documented)",as FFT,vignette-implied,board,vignette/DoF haze,4 yaws + new overhead Tactical View (documented),as FFT,"redrawn, proportions kept",no environment-state layer added (observed),Enhanced repaint of original board; geometry visibly identical to original in mode pairs (observational — no source states it outright; flagged),high (identity) / medium (readings)
IvaliceChronicles,2025 remaster (Enhanced unless noted),Sweegy Woods / Siedge Weald (Enhanced),p03,ic-ledger.json (per-file URLs incl. first-party pairs),official site/press kit/store + verified wiki captures,gameplay/press frames; 2 first-party same-camera mode pairs,2560/1920px official; 728px wiki,11,12,as FFT (same board),board dominates; vignette+DoF imply envelope,frame periphery graded/vignetted,as FFT,as FFT,as FFT,as FFT,as FFT,as FFT,as FFT,as FFT,as FFT,as FFT,as FFT,as FFT,as FFT,"higher-frequency repaint; sprites 'subdivided'; paper-grain overlay (RPG Site, documented)",as FFT,vignette-implied,board,vignette/DoF haze,4 yaws + new overhead Tactical View (documented),as FFT,"redrawn, proportions kept",no environment-state layer added (observed),forest packet Enhanced column; geometry visibly identical to original in mode pairs (observational — no source states it outright; flagged),high (identity) / medium (readings)
IvaliceChronicles,2025 remaster (Enhanced unless noted),Zeirchele Falls (Enhanced + Classic PAIR),p04,ic-ledger.json (per-file URLs incl. first-party pairs),official site/press kit/store + verified wiki captures,gameplay/press frames; 2 first-party same-camera mode pairs,2560/1920px official; 728px wiki,11,10,as FFT (same board),board dominates; vignette+DoF imply envelope,frame periphery graded/vignetted,as FFT,as FFT,as FFT,as FFT,as FFT,as FFT,as FFT,as FFT,as FFT,as FFT,as FFT,as FFT,as FFT,"higher-frequency repaint; sprites 'subdivided'; paper-grain overlay (RPG Site, documented)",as FFT,vignette-implied,board,vignette/DoF haze,4 yaws + new overhead Tactical View (documented),as FFT,"redrawn, proportions kept",no environment-state layer added (observed),FIRST-PARTY same-camera mode pair — the ablation anchor; geometry visibly identical to original in mode pairs (observational — no source states it outright; flagged),high (identity) / medium (readings)
IvaliceChronicles,2025 remaster (Enhanced unless noted),Ziekden Fortress (Enhanced),p05,ic-ledger.json (per-file URLs incl. first-party pairs),official site/press kit/store + verified wiki captures,gameplay/press frames; 2 first-party same-camera mode pairs,2560/1920px official; 728px wiki,9,13,as FFT (same board),board dominates; vignette+DoF imply envelope,frame periphery graded/vignetted,as FFT,as FFT,as FFT,as FFT,as FFT,as FFT,as FFT,as FFT,as FFT,as FFT,as FFT,as FFT,as FFT,"higher-frequency repaint; sprites 'subdivided'; paper-grain overlay (RPG Site, documented)",as FFT,vignette-implied,board,vignette/DoF haze,4 yaws + new overhead Tactical View (documented),as FFT,"redrawn, proportions kept",no environment-state layer added (observed),snow packet Enhanced column; geometry visibly identical to original in mode pairs (observational — no source states it outright; flagged),high (identity) / medium (readings)
IvaliceChronicles,2025 remaster (Enhanced unless noted),Merchant City of Dorter (Enhanced),p06,ic-ledger.json (per-file URLs incl. first-party pairs),official site/press kit/store + verified wiki captures,gameplay/press frames; 2 first-party same-camera mode pairs,2560/1920px official; 728px wiki,9,11,as FFT (same board),board dominates; vignette+DoF imply envelope,frame periphery graded/vignetted,as FFT,as FFT,as FFT,as FFT,as FFT,as FFT,as FFT,as FFT,as FFT,as FFT,as FFT,as FFT,as FFT,"higher-frequency repaint; sprites 'subdivided'; paper-grain overlay (RPG Site, documented)",as FFT,vignette-implied,board,vignette/DoF haze,4 yaws + new overhead Tactical View (documented),as FFT,"redrawn, proportions kept",no environment-state layer added (observed),urban packet Enhanced column; geometry visibly identical to original in mode pairs (observational — no source states it outright; flagged),high (identity) / medium (readings)
IvaliceChronicles,2025 remaster (Enhanced unless noted),Lionel Castle Gate (Enhanced),p07,ic-ledger.json (per-file URLs incl. first-party pairs),official site/press kit/store + verified wiki captures,gameplay/press frames; 2 first-party same-camera mode pairs,2560/1920px official; 728px wiki,10,13,as FFT (same board),board dominates; vignette+DoF imply envelope,frame periphery graded/vignetted,as FFT,as FFT,as FFT,as FFT,as FFT,as FFT,as FFT,as FFT,as FFT,as FFT,as FFT,as FFT,as FFT,"higher-frequency repaint; sprites 'subdivided'; paper-grain overlay (RPG Site, documented)",as FFT,vignette-implied,board,vignette/DoF haze,4 yaws + new overhead Tactical View (documented),as FFT,"redrawn, proportions kept",no environment-state layer added (observed),gate packet Enhanced column; geometry visibly identical to original in mode pairs (observational — no source states it outright; flagged),high (identity) / medium (readings)
IvaliceChronicles,2025 remaster (Enhanced unless noted),Orbonne Monastery (Enhanced + Classic PAIR),p08,ic-ledger.json (per-file URLs incl. first-party pairs),official site/press kit/store + verified wiki captures,gameplay/press frames; 2 first-party same-camera mode pairs,2560/1920px official; 728px wiki,10,14,as FFT (same board),board dominates; vignette+DoF imply envelope,frame periphery graded/vignetted,as FFT,as FFT,as FFT,as FFT,as FFT,as FFT,as FFT,as FFT,as FFT,as FFT,as FFT,as FFT,as FFT,"higher-frequency repaint; sprites 'subdivided'; paper-grain overlay (RPG Site, documented)",as FFT,vignette-implied,board,vignette/DoF haze,4 yaws + new overhead Tactical View (documented),as FFT,"redrawn, proportions kept",no environment-state layer added (observed),opening battle; rain state; mode pair; geometry visibly identical to original in mode pairs (observational — no source states it outright; flagged),high (identity) / medium (readings)
IvaliceChronicles,2025 remaster (Enhanced unless noted),Riovanes Castle Roof (Enhanced),p11,ic-ledger.json (per-file URLs incl. first-party pairs),official site/press kit/store + verified wiki captures,gameplay/press frames; 2 first-party same-camera mode pairs,2560/1920px official; 728px wiki,11,11,as FFT (same board),board dominates; vignette+DoF imply envelope,frame periphery graded/vignetted,as FFT,as FFT,as FFT,as FFT,as FFT,as FFT,as FFT,as FFT,as FFT,as FFT,as FFT,as FFT,as FFT,"higher-frequency repaint; sprites 'subdivided'; paper-grain overlay (RPG Site, documented)",as FFT,vignette-implied,board,vignette/DoF haze,4 yaws + new overhead Tactical View (documented),as FFT,"redrawn, proportions kept",no environment-state layer added (observed),verticality packet Enhanced column; geometry visibly identical to original in mode pairs (observational — no source states it outright; flagged),high (identity) / medium (readings)
IvaliceChronicles,2025 remaster (Enhanced unless noted),Sand Rat's Sietch (Enhanced; ID medium-high confidence),p12,ic-ledger.json (per-file URLs incl. first-party pairs),official site/press kit/store + verified wiki captures,gameplay/press frames; 2 first-party same-camera mode pairs,2560/1920px official; 728px wiki,~9-11,~9-11,as FFT (same board),board dominates; vignette+DoF imply envelope,frame periphery graded/vignetted,as FFT,as FFT,as FFT,as FFT,as FFT,as FFT,as FFT,as FFT,as FFT,as FFT,as FFT,as FFT,as FFT,"higher-frequency repaint; sprites 'subdivided'; paper-grain overlay (RPG Site, documented)",as FFT,vignette-implied,board,vignette/DoF haze,4 yaws + new overhead Tactical View (documented),as FFT,"redrawn, proportions kept",no environment-state layer added (observed),sparse-house packet column; geometry visibly identical to original in mode pairs (observational — no source states it outright; flagged),high (identity) / medium (readings)
